{
  "id": "cierta-api-environment",
  "name": "CIERTA API Environment",
  "values": [
    {
      "key": "baseUrl",
      "value": "http://localhost:5000",
      "type": "default",
      "enabled": true
    },
    {
      "key": "token",
      "value": "",
      "type": "secret",
      "enabled": true
    },
    {
      "key": "loadId",
      "value": "",
      "type": "default",
      "enabled": true
    },
    {
      "key": "userId",
      "value": "",
      "type": "default",
      "enabled": true
    },
    {
      "key": "filename",
      "value": "",
      "type": "default",
      "enabled": true
    },
    {
      "key": "adminEmail",
      "value": "admin@example.com",
      "type": "default",
      "enabled": true
    },
    {
      "key": "adminPassword",
      "value": "adminPassword123",
      "type": "secret",
      "enabled": true
    },
    {
      "key": "testEmail",
      "value": "test@example.com",
      "type": "default",
      "enabled": true
    },
    {
      "key": "testPassword",
      "value": "testPassword123",
      "type": "secret",
      "enabled": true
    }
  ],
  "_postman_variable_scope": "environment"
}













