{
  "info": {
    "name": "CIERTA API Testing",
    "description": "Complete API testing collection for CIERTA Logistics System",
    "schema": "https://schema.getpostman.com/json/collection/v2.1.0/collection.json"
  },
  "variable": [
    {
      "key": "baseUrl",
      "value": "http://localhost:5000",
      "type": "string"
    },
    {
      "key": "token",
      "value": "",
      "type": "string"
    },
    {
      "key": "loadId",
      "value": "",
      "type": "string"
    },
    {
      "key": "userId",
      "value": "",
      "type": "string"
    }
  ],
  "item": [
    {
      "name": "🔐 Authentication",
      "item": [
        {
          "name": "Login",
          "request": {
            "method": "POST",
            "header": [
              {
                "key": "Content-Type",
                "value": "application/json"
              }
            ],
            "body": {
              "mode": "raw",
              "raw": "{\n  \"email\": \"admin@example.com\",\n  \"password\": \"adminPassword123\"\n}"
            },
            "url": {
              "raw": "{{baseUrl}}/auth/login",
              "host": ["{{baseUrl}}"],
              "path": ["auth", "login"]
            }
          },
          "response": []
        },
        {
          "name": "Register",
          "request": {
            "method": "POST",
            "header": [
              {
                "key": "Content-Type",
                "value": "application/json"
              }
            ],
            "body": {
              "mode": "raw",
              "raw": "{\n  \"firstName\": \"New\",\n  \"lastName\": \"User\",\n  \"email\": \"newuser@example.com\",\n  \"password\": \"newPassword123\",\n  \"role\": \"manager\"\n}"
            },
            "url": {
              "raw": "{{baseUrl}}/auth/register",
              "host": ["{{baseUrl}}"],
              "path": ["auth", "register"]
            }
          },
          "response": []
        },
        {
          "name": "Refresh Token",
          "request": {
            "method": "POST",
            "header": [
              {
                "key": "Authorization",
                "value": "Bearer {{token}}"
              }
            ],
            "url": {
              "raw": "{{baseUrl}}/auth/refresh",
              "host": ["{{baseUrl}}"],
              "path": ["auth", "refresh"]
            }
          },
          "response": []
        },
        {
          "name": "Logout",
          "request": {
            "method": "POST",
            "header": [
              {
                "key": "Authorization",
                "value": "Bearer {{token}}"
              }
            ],
            "url": {
              "raw": "{{baseUrl}}/auth/logout",
              "host": ["{{baseUrl}}"],
              "path": ["auth", "logout"]
            }
          },
          "response": []
        }
      ]
    },
    {
      "name": "👥 User Management",
      "item": [
        {
          "name": "Create User",
          "request": {
            "method": "POST",
            "header": [
              {
                "key": "Authorization",
                "value": "Bearer {{token}}"
              },
              {
                "key": "Content-Type",
                "value": "application/json"
              }
            ],
            "body": {
              "mode": "raw",
              "raw": "{\n  \"firstName\": \"John\",\n  \"lastName\": \"Doe\",\n  \"email\": \"john.doe@example.com\",\n  \"password\": \"securePassword123\",\n  \"role\": \"dispatcher\"\n}"
            },
            "url": {
              "raw": "{{baseUrl}}/users",
              "host": ["{{baseUrl}}"],
              "path": ["users"]
            }
          },
          "response": []
        },
        {
          "name": "Get All Users",
          "request": {
            "method": "GET",
            "header": [
              {
                "key": "Authorization",
                "value": "Bearer {{token}}"
              }
            ],
            "url": {
              "raw": "{{baseUrl}}/users?page=1&limit=10",
              "host": ["{{baseUrl}}"],
              "path": ["users"],
              "query": [
                {
                  "key": "page",
                  "value": "1"
                },
                {
                  "key": "limit",
                  "value": "10"
                }
              ]
            }
          },
          "response": []
        },
        {
          "name": "Get User by ID",
          "request": {
            "method": "GET",
            "header": [
              {
                "key": "Authorization",
                "value": "Bearer {{token}}"
              }
            ],
            "url": {
              "raw": "{{baseUrl}}/users/{{userId}}",
              "host": ["{{baseUrl}}"],
              "path": ["users", "{{userId}}"]
            }
          },
          "response": []
        },
        {
          "name": "Update User",
          "request": {
            "method": "PUT",
            "header": [
              {
                "key": "Authorization",
                "value": "Bearer {{token}}"
              },
              {
                "key": "Content-Type",
                "value": "application/json"
              }
            ],
            "body": {
              "mode": "raw",
              "raw": "{\n  \"firstName\": \"Jane\",\n  \"lastName\": \"Smith\",\n  \"email\": \"jane.smith@example.com\"\n}"
            },
            "url": {
              "raw": "{{baseUrl}}/users/{{userId}}",
              "host": ["{{baseUrl}}"],
              "path": ["users", "{{userId}}"]
            }
          },
          "response": []
        },
        {
          "name": "Get Users by Role",
          "request": {
            "method": "GET",
            "header": [
              {
                "key": "Authorization",
                "value": "Bearer {{token}}"
              }
            ],
            "url": {
              "raw": "{{baseUrl}}/users/role/dispatcher?page=1&limit=10",
              "host": ["{{baseUrl}}"],
              "path": ["users", "role", "dispatcher"],
              "query": [
                {
                  "key": "page",
                  "value": "1"
                },
                {
                  "key": "limit",
                  "value": "10"
                }
              ]
            }
          },
          "response": []
        },
        {
          "name": "Update User Status",
          "request": {
            "method": "PUT",
            "header": [
              {
                "key": "Authorization",
                "value": "Bearer {{token}}"
              },
              {
                "key": "Content-Type",
                "value": "application/json"
              }
            ],
            "body": {
              "mode": "raw",
              "raw": "{\n  \"status\": \"inactive\"\n}"
            },
            "url": {
              "raw": "{{baseUrl}}/users/{{userId}}/status",
              "host": ["{{baseUrl}}"],
              "path": ["users", "{{userId}}", "status"]
            }
          },
          "response": []
        },
        {
          "name": "Get User Profile",
          "request": {
            "method": "GET",
            "header": [
              {
                "key": "Authorization",
                "value": "Bearer {{token}}"
              }
            ],
            "url": {
              "raw": "{{baseUrl}}/users/profile",
              "host": ["{{baseUrl}}"],
              "path": ["users", "profile"]
            }
          },
          "response": []
        },
        {
          "name": "Update User Profile",
          "request": {
            "method": "PUT",
            "header": [
              {
                "key": "Authorization",
                "value": "Bearer {{token}}"
              },
              {
                "key": "Content-Type",
                "value": "application/json"
              }
            ],
            "body": {
              "mode": "raw",
              "raw": "{\n  \"firstName\": \"Updated Name\",\n  \"lastName\": \"Updated Last Name\"\n}"
            },
            "url": {
              "raw": "{{baseUrl}}/users/profile",
              "host": ["{{baseUrl}}"],
              "path": ["users", "profile"]
            }
          },
          "response": []
        }
      ]
    },
    {
      "name": "📦 Load Management",
      "item": [
        {
          "name": "Create Load",
          "request": {
            "method": "POST",
            "header": [
              {
                "key": "Authorization",
                "value": "Bearer {{token}}"
              },
              {
                "key": "Content-Type",
                "value": "application/json"
              }
            ],
            "body": {
              "mode": "raw",
              "raw": "{\n  \"type\": \"Cars\",\n  \"vin\": \"1HGBH41JXMN109186\",\n  \"category\": \"Luxury\",\n  \"customerCompanyName\": \"Auto Transport LLC\",\n  \"customerEmails\": [\"customer@autotransport.com\"],\n  \"carrier\": {\n    \"name\": \"Fast Haul Transport\",\n    \"mcNumber\": \"MC123456\",\n    \"contact\": \"John Smith\",\n    \"email\": \"john@fasthaul.com\"\n  },\n  \"pickUpLocation\": {\n    \"name\": \"Los Angeles Auto Dealer\",\n    \"address\": \"123 Main Street\",\n    \"city\": \"Los Angeles\",\n    \"state\": \"CA\",\n    \"zip\": 90210,\n    \"contactPhone\": \"(555) 123-4567\"\n  },\n  \"deliveryLocation\": {\n    \"name\": \"Miami Auto Dealer\",\n    \"address\": \"456 Ocean Drive\",\n    \"city\": \"Miami\",\n    \"state\": \"FL\",\n    \"zip\": 33101,\n    \"contactPhone\": \"(305) 555-7890\"\n  },\n  \"pickUpDate\": \"2024-02-15T00:00:00.000Z\",\n  \"deliveryDate\": \"2024-02-20T00:00:00.000Z\",\n  \"vehicleDetails\": {\n    \"make\": \"BMW\",\n    \"model\": \"X5\",\n    \"year\": 2023,\n    \"color\": \"Black\",\n    \"mileage\": 15000\n  },\n  \"specialRequirements\": \"Handle with care - luxury vehicle\",\n  \"insurance\": true,\n  \"value\": 75000\n}"
            },
            "url": {
              "raw": "{{baseUrl}}/loads",
              "host": ["{{baseUrl}}"],
              "path": ["loads"]
            }
          },
          "response": []
        },
        {
          "name": "Get All Loads",
          "request": {
            "method": "GET",
            "header": [
              {
                "key": "Authorization",
                "value": "Bearer {{token}}"
              }
            ],
            "url": {
              "raw": "{{baseUrl}}/loads?page=1&limit=10&sortBy=createdAt&sortOrder=desc",
              "host": ["{{baseUrl}}"],
              "path": ["loads"],
              "query": [
                {
                  "key": "page",
                  "value": "1"
                },
                {
                  "key": "limit",
                  "value": "10"
                },
                {
                  "key": "sortBy",
                  "value": "createdAt"
                },
                {
                  "key": "sortOrder",
                  "value": "desc"
                }
              ]
            }
          },
          "response": []
        },
        {
          "name": "Get Load by ID",
          "request": {
            "method": "GET",
            "header": [
              {
                "key": "Authorization",
                "value": "Bearer {{token}}"
              }
            ],
            "url": {
              "raw": "{{baseUrl}}/loads/{{loadId}}",
              "host": ["{{baseUrl}}"],
              "path": ["loads", "{{loadId}}"]
            }
          },
          "response": []
        },
        {
          "name": "Update Load",
          "request": {
            "method": "PUT",
            "header": [
              {
                "key": "Authorization",
                "value": "Bearer {{token}}"
              },
              {
                "key": "Content-Type",
                "value": "application/json"
              }
            ],
            "body": {
              "mode": "raw",
              "raw": "{\n  \"status\": \"Dispatched\",\n  \"value\": 80000\n}"
            },
            "url": {
              "raw": "{{baseUrl}}/loads/{{loadId}}",
              "host": ["{{baseUrl}}"],
              "path": ["loads", "{{loadId}}"]
            }
          },
          "response": []
        },
        {
          "name": "Update Load Status",
          "request": {
            "method": "PUT",
            "header": [
              {
                "key": "Authorization",
                "value": "Bearer {{token}}"
              },
              {
                "key": "Content-Type",
                "value": "application/json"
              }
            ],
            "body": {
              "mode": "raw",
              "raw": "{\n  \"status\": \"Dispatched\"\n}"
            },
            "url": {
              "raw": "{{baseUrl}}/loads/{{loadId}}/status",
              "host": ["{{baseUrl}}"],
              "path": ["loads", "{{loadId}}", "status"]
            }
          },
          "response": []
        },
        {
          "name": "Get Loads by Status",
          "request": {
            "method": "GET",
            "header": [
              {
                "key": "Authorization",
                "value": "Bearer {{token}}"
              }
            ],
            "url": {
              "raw": "{{baseUrl}}/loads/status/Dispatched?page=1&limit=10",
              "host": ["{{baseUrl}}"],
              "path": ["loads", "status", "Dispatched"],
              "query": [
                {
                  "key": "page",
                  "value": "1"
                },
                {
                  "key": "limit",
                  "value": "10"
                }
              ]
            }
          },
          "response": []
        },
        {
          "name": "Get Load History",
          "request": {
            "method": "GET",
            "header": [
              {
                "key": "Authorization",
                "value": "Bearer {{token}}"
              }
            ],
            "url": {
              "raw": "{{baseUrl}}/loads/{{loadId}}/history?page=1&limit=10",
              "host": ["{{baseUrl}}"],
              "path": ["loads", "{{loadId}}", "history"],
              "query": [
                {
                  "key": "page",
                  "value": "1"
                },
                {
                  "key": "limit",
                  "value": "10"
                }
              ]
            }
          },
          "response": []
        }
      ]
    },
    {
      "name": "📄 PDF Generation",
      "item": [
        {
          "name": "Generate BOL",
          "request": {
            "method": "GET",
            "header": [
              {
                "key": "Authorization",
                "value": "Bearer {{token}}"
              }
            ],
            "url": {
              "raw": "{{baseUrl}}/loads/{{loadId}}/bol",
              "host": ["{{baseUrl}}"],
              "path": ["loads", "{{loadId}}", "bol"]
            }
          },
          "response": []
        },
        {
          "name": "Generate Rate Confirmation",
          "request": {
            "method": "GET",
            "header": [
              {
                "key": "Authorization",
                "value": "Bearer {{token}}"
              }
            ],
            "url": {
              "raw": "{{baseUrl}}/loads/{{loadId}}/rate-confirmation",
              "host": ["{{baseUrl}}"],
              "path": ["loads", "{{loadId}}", "rate-confirmation"]
            }
          },
          "response": []
        },
        {
          "name": "Generate All Documents",
          "request": {
            "method": "GET",
            "header": [
              {
                "key": "Authorization",
                "value": "Bearer {{token}}"
              }
            ],
            "url": {
              "raw": "{{baseUrl}}/loads/{{loadId}}/documents",
              "host": ["{{baseUrl}}"],
              "path": ["loads", "{{loadId}}", "documents"]
            }
          },
          "response": []
        },
        {
          "name": "Download PDF",
          "request": {
            "method": "GET",
            "header": [
              {
                "key": "Authorization",
                "value": "Bearer {{token}}"
              }
            ],
            "url": {
              "raw": "{{baseUrl}}/loads/download/{{filename}}",
              "host": ["{{baseUrl}}"],
              "path": ["loads", "download", "{{filename}}"]
            }
          },
          "response": []
        }
      ]
    },
    {
      "name": "📊 Statistics",
      "item": [
        {
          "name": "Get Load Statistics",
          "request": {
            "method": "GET",
            "header": [
              {
                "key": "Authorization",
                "value": "Bearer {{token}}"
              }
            ],
            "url": {
              "raw": "{{baseUrl}}/stats/loads?period=month&startDate=2024-01-01&endDate=2024-01-31",
              "host": ["{{baseUrl}}"],
              "path": ["stats", "loads"],
              "query": [
                {
                  "key": "period",
                  "value": "month"
                },
                {
                  "key": "startDate",
                  "value": "2024-01-01"
                },
                {
                  "key": "endDate",
                  "value": "2024-01-31"
                }
              ]
            }
          },
          "response": []
        },
        {
          "name": "Get User Statistics",
          "request": {
            "method": "GET",
            "header": [
              {
                "key": "Authorization",
                "value": "Bearer {{token}}"
              }
            ],
            "url": {
              "raw": "{{baseUrl}}/stats/users?period=week",
              "host": ["{{baseUrl}}"],
              "path": ["stats", "users"],
              "query": [
                {
                  "key": "period",
                  "value": "week"
                }
              ]
            }
          },
          "response": []
        },
        {
          "name": "Get Carrier Statistics",
          "request": {
            "method": "GET",
            "header": [
              {
                "key": "Authorization",
                "value": "Bearer {{token}}"
              }
            ],
            "url": {
              "raw": "{{baseUrl}}/stats/carriers?period=month",
              "host": ["{{baseUrl}}"],
              "path": ["stats", "carriers"],
              "query": [
                {
                  "key": "period",
                  "value": "month"
                }
              ]
            }
          },
          "response": []
        },
        {
          "name": "Get Performance Metrics",
          "request": {
            "method": "GET",
            "header": [
              {
                "key": "Authorization",
                "value": "Bearer {{token}}"
              }
            ],
            "url": {
              "raw": "{{baseUrl}}/stats/performance?period=month",
              "host": ["{{baseUrl}}"],
              "path": ["stats", "performance"],
              "query": [
                {
                  "key": "period",
                  "value": "month"
                }
              ]
            }
          },
          "response": []
        }
      ]
    }
  ]
}













